{
  "0": {
    "CherryRatio": [
      0.07000000029802322,
      0.07000000029802322,
      0.07000000029802322,
      0.07000000029802322,
      0.07000000029802322,
      0.07000000029802322,
      0.07000000029802322
    ],
    "GameModeInteger": [
      1,
      1,
      1,
      1,
      1,
      1,
      1
    ],
    "SpellDamage": [
      -20,
      10,
      40,
      70,
      100,
      130,
      160
    ],
    "ADRatio": [
      1,
      1,
      1,
      1,
      1,
      1,
      1
    ]
  },
  "2": {
    "CritAmpPerc": [
      1.0499999523162842,
      1.0499999523162842,
      1.0499999523162842,
      1.0499999523162842,
      1.0499999523162842,
      1.0499999523162842,
      1.0499999523162842
    ],
    "CritSlowMod": [
      25,
      25,
      25,
      25,
      25,
      25,
      25
    ],
    "BarrelSlow": [
      30,
      40,
      50,
      60,
      70,
      80,
      90
    ],
    "mAmmoRechargeTime": [
      17,
      17,
      16,
      15,
      14,
      13,
      12
    ]
  },
  "3": {
    "DamagePerWave": [
      10,
      40,
      70,
      100,
      130,
      160,
      190
    ],
    "DeathsDaughterBaseDamage": [
      30,
      120,
      210,
      300,
      390,
      480,
      570
    ],
    "RaiseMoraleHaste": [
      40,
      40,
      40,
      40,
      40,
      40,
      40
    ],
    "ZoneDuration": [
      8,
      8,
      8,
      8,
      8,
      8,
      8
    ],
    "CannonDelay": [
      0.5,
      0.5,
      0.5,
      0.5,
      0.5,
      0.5,
      0.5
    ],
    "CannonInterval": [
      2,
      2,
      2,
      2,
      2,
      2,
      2
    ],
    "SlowPercent": [
      30,
      30,
      30,
      30,
      30,
      30,
      30
    ],
    "SlowDuration": [
      0.5,
      0.5,
      0.5,
      0.5,
      0.5,
      0.5,
      0.5
    ],
    "DeathsDaughterSlow": [
      75,
      75,
      75,
      75,
      75,
      75,
      75
    ],
    "DeathsDaughterSlowDuration": [
      1,
      1,
      1,
      1,
      1,
      1,
      1
    ],
    "RaiseMoraleHasteDuration": [
      2,
      2,
      2,
      2,
      2,
      2,
      2
    ],
    "TotalWavesTooltip": [
      12,
      12,
      12,
      12,
      12,
      12,
      12
    ]
  }
}