{
  "version": "16.2.1",
  "ddragonVersion": "16.2.1",
  "cdragonVersion": "16.1",
  "championId": "Fiddlesticks",
  "spellData": {
    "FiddleSticksW": {
      "DataValues": {
        "DamagePerSecond": [
          30,
          60,
          90,
          120,
          150,
          180,
          210
        ],
        "TicksPerSecond": [
          4,
          4,
          4,
          4,
          4,
          4,
          4
        ],
        "VampPercentage": [
          17.5,
          25,
          32.5,
          40,
          47.5,
          55,
          62.5
        ],
        "DrainDuration": [
          2,
          2,
          2,
          2,
          2,
          2,
          2
        ],
        "DrainLeashRange": [
          725,
          725,
          725,
          725,
          725,
          725,
          725
        ],
        "PercentMultiplier": [
          0.0949999988079071,
          0.11999999731779099,
          0.14499999582767487,
          0.17000000178813934,
          0.19499999284744263,
          0.2199999988079071,
          0.24500000476837158
        ],
        "PercentForTooltip": [
          9.5,
          12,
          14.5,
          17,
          19.5,
          22,
          24.5
        ],
        "MonsterDamageMod": [
          1.350000023841858,
          1.350000023841858,
          1.350000023841858,
          1.350000023841858,
          1.350000023841858,
          1.350000023841858,
          1.350000023841858
        ],
        "MonsterHealingMod": [
          0.44999998807907104,
          0.44999998807907104,
          0.44999998807907104,
          0.44999998807907104,
          0.44999998807907104,
          0.44999998807907104,
          0.44999998807907104
        ],
        "MinionDamageMod": [
          0.5,
          0.5,
          0.5,
          0.5,
          0.5,
          0.5,
          0.5
        ],
        "MinionHealingMod": [
          15,
          15,
          15,
          15,
          15,
          15,
          15
        ],
        "MonsterMaxDamage": [
          400,
          400,
          400,
          400,
          400,
          400,
          400
        ]
      },
      "mSpellCalculations": {
        "DrainDamageCalc": {
          "mFormulaParts": [
            {
              "mDataValue": "DamagePerSecond",
              "__type": "NamedDataValueCalculationPart"
            },
            {
              "mCoefficient": 0.44999998807907104,
              "__type": "StatByCoefficientCalculationPart"
            }
          ],
          "__type": "GameCalculation"
        }
      }
    },
    "FiddleSticksQ": {
      "DataValues": {
        "MaxHealthDamage": [
          0.03500000014901161,
          0.03999999910593033,
          0.04500000178813934,
          0.05000000074505806,
          0.054999999701976776,
          0.05999999865889549,
          0.06499999761581421
        ],
        "FearDuration": [
          1,
          1.2000000476837158,
          1.399999976158142,
          1.600000023841858,
          1.7999999523162842,
          2,
          2.200000047683716
        ],
        "MinimumDamage": [
          20,
          40,
          60,
          80,
          100,
          120,
          140
        ]
      },
      "mSpellCalculations": {
        "TotalPercentHealthDamage": {
          "mFormulaParts": [
            {
              "mDataValue": "MaxHealthDamage",
              "__type": "NamedDataValueCalculationPart"
            },
            {
              "mCoefficient": 0.0003000000142492354,
              "__type": "StatByCoefficientCalculationPart"
            }
          ],
          "mDisplayAsPercent": true,
          "mPrecision": 1,
          "__type": "GameCalculation"
        },
        "TotalPercentHealthDamageFeared": {
          "mMultiplier": {
            "mNumber": 2,
            "__type": "NumberCalculationPart"
          },
          "mModifiedGameCalculation": "TotalPercentHealthDamage",
          "__type": "GameCalculationModified"
        }
      }
    },
    "FiddleSticksE": {
      "DataValues": {
        "BaseDamage": [
          35,
          70,
          105,
          140,
          175,
          210,
          245
        ],
        "SlowAmount": [
          -0.25,
          -0.30000001192092896,
          -0.3499999940395355,
          -0.4000000059604645,
          -0.44999998807907104,
          -0.5,
          -0.550000011920929
        ],
        "EmpoweredSlowAmount": [
          -0.44999998807907104,
          -0.5,
          -0.550000011920929,
          -0.6000000238418579,
          -0.6499999761581421,
          -0.699999988079071,
          -0.75
        ],
        "CastRange": [
          850,
          850,
          850,
          850,
          850,
          850,
          850
        ],
        "SilenceDuration": [
          1.25,
          1.25,
          1.25,
          1.25,
          1.25,
          1.25,
          1.25
        ]
      },
      "mSpellCalculations": {
        "Damage": {
          "mFormulaParts": [
            {
              "mDataValue": "BaseDamage",
              "__type": "NamedDataValueCalculationPart"
            },
            {
              "mCoefficient": 0.5,
              "__type": "StatByCoefficientCalculationPart"
            }
          ],
          "__type": "GameCalculation"
        }
      }
    },
    "FiddleSticksR": {
      "DataValues": {
        "DamagePerSecond": [
          50,
          150,
          250,
          350,
          450,
          550,
          650
        ],
        "APRatio": [
          0.5,
          0.5,
          0.5,
          0.5,
          0.5,
          0.5,
          0.5
        ],
        "Duration": [
          5,
          5,
          5,
          5,
          5,
          5,
          5
        ],
        "ChannelTime": [
          1.5,
          1.5,
          1.5,
          1.5,
          1.5,
          1.5,
          1.5
        ]
      },
      "mSpellCalculations": {
        "DamageDone": {
          "mMultiplier": {
            "mNumber": 0.25,
            "__type": "NumberCalculationPart"
          },
          "mFormulaParts": [
            {
              "mDataValue": "DamagePerSecond",
              "__type": "NamedDataValueCalculationPart"
            },
            {
              "mDataValue": "APRatio",
              "__type": "StatByNamedDataValueCalculationPart"
            }
          ],
          "__type": "GameCalculation"
        },
        "TotalDamage": {
          "mMultiplier": {
            "mDataValue": "Duration",
            "__type": "NamedDataValueCalculationPart"
          },
          "tooltipOnly": true,
          "mModifiedGameCalculation": "{d0d3db7f}",
          "__type": "GameCalculationModified"
        },
        "APRatioFullDuration": {
          "mMultiplier": {
            "mDataValue": "Duration",
            "__type": "NamedDataValueCalculationPart"
          },
          "mFormulaParts": [
            {
              "mDataValue": "APRatio",
              "__type": "StatByNamedDataValueCalculationPart"
            }
          ],
          "__type": "GameCalculation"
        },
        "APRatioTick": {
          "mFormulaParts": [
            {
              "mDataValue": "APRatio",
              "__type": "StatByNamedDataValueCalculationPart"
            }
          ],
          "__type": "GameCalculation"
        },
        "{d0d3db7f}": {
          "tooltipOnly": true,
          "mFormulaParts": [
            {
              "mDataValue": "DamagePerSecond",
              "__type": "NamedDataValueCalculationPart"
            },
            {
              "mDataValue": "APRatio",
              "__type": "StatByNamedDataValueCalculationPart"
            }
          ],
          "__type": "GameCalculation"
        }
      }
    }
  }
}